{
  "accuracy": 0.48933333333333334,
  "precision": 0.30930537352555704,
  "recall": 0.4968421052631579,
  "f1": 0.38126009693053314,
  "auc": 0.4761838254172016,
  "confusion_matrix": [
    [
      498,
      527
    ],
    [
      239,
      236
    ]
  ]
}